<?xml version="1.0" encoding="UTF-8"?>
<?xml-stylesheet type="text/xsl" href="restaurant.xsl"?>
<!DOCTYPE restaurant SYSTEM "restaurant.dtd">
<!-- Ajouter xsd ! -->
<!--<restaurant xmlns:xsd="http://www.w3.org/2001/XMLSchema-instance" xsd:noNamespaceSchemaLocation="restaurant.xsd">-->
<restaurant>
    <midis>
        <plat nom="Pizza Royale" prix="50.00" chef="ketsia" codeProduit="P123456">
            <viande>
                boeuf
            </viande>
            <poisson>
                maquereau
            </poisson>
            <accompagnement>
                frite
            </accompagnement>
            <vin nom="Baron1" annee="1913"/>
        </plat>
        <plat nom="Pizza du chef" prix="15" chef="ket" codeProduit="P789456">
            <viande>
                poulet
            </viande>
            <poisson>
                capitaine
            </poisson>
            <accompagnement>
                pomme de terre
            </accompagnement>
            <vin nom="Baron2" annee="1974"/>
        </plat>
        <plat nom="Pizza du chef" prix="15.8" chef="ket" codeProduit="P789456">
            <viande>
                poulet
            </viande>
            <poisson>
                frais
            </poisson>
            <accompagnement>
                pain
            </accompagnement>
            <vin nom="Baron" annee="1901"/>
        </plat>
        <dessert prix="10">
                crème
        </dessert>
        <dessert prix="100">
            crème fraîche
        </dessert>
        <dessert prix="10">
            pistache
        </dessert>
    </midis>
    <soirs>
        <entree prix="10">
            sauce à la bechamelle
        </entree>
        <entree prix="17">
            crême du chef
        </entree>
        <entree prix="150">
            crème
        </entree>
        <plat nom="stake" prix="25" chef="Keke" codeProduit="V123456">
            <viande>
                porc
            </viande>
            <poisson>
                poissons frais
            </poisson>
            <accompagnement>
                pain
            </accompagnement>
            <vin nom="Don Simon" annee="1955"/>
        </plat>
        <plat nom="sardine aux courgettes" prix="24" chef="Ketsia" codeProduit="A654321">
            <viande>
                porc
            </viande>
            <poisson>
                poissons frais
            </poisson>
            <accompagnement>
                frite
            </accompagnement>
            <vin nom="Baron Simon" annee="1955"/>
        </plat>
        <plat nom="stack haché" prix="18" chef="Keke" codeProduit="A654321">
            <viande>
                bretzel
            </viande>
            <poisson>
                somon
            </poisson>
            <accompagnement>
                pain
            </accompagnement>
            <vin nom="muscador" annee="1955"/>
        </plat>
        <dessert prix="28" cafe="oui">
            chocolat
        </dessert>
    </soirs>
</restaurant>